name, date, open, max, min, close, volume 
06MAGNA,20141201,2.3300000000000001,2.5,2.3300000000000001,2.4500000000000002,7999
08OCTAVA,20141201,0.85999999999999999,0.85999999999999999,0.85999999999999999,0.85999999999999999,4230
4FUNMEDIA,20141201,6.4199999999999999,6.6799999999999997,6.4100000000000001,6.4100000000000001,5903
ABCDATA,20141201,3.5299999999999998,3.5299999999999998,3.4900000000000002,3.5,48384
ABPL,20141201,32.109999999999999,32.350000000000001,31.93,31.93,1047
ACAUTOGAZ,20141201,28.809999999999999,28.809999999999999,28.809999999999999,28.809999999999999,4
ACE,20141201,10.609999999999999,10.609999999999999,10.56,10.59,2420
ACTION,20141201,44.799999999999997,44.799999999999997,43.369999999999997,44.649999999999999,3976
AGORA,20141201,8.1899999999999995,8.1899999999999995,8.0199999999999996,8.0800000000000001,22674
AGROTON,20141201,1.2,1.27,1.2,1.24,29124
ALCHEMIA,20141201,5.0199999999999996,5.0199999999999996,4.9699999999999998,5.0199999999999996,932486
ALIOR,20141201,78.5,80.5,78.5,79.650000000000006,154743
ALMA,20141201,16.390000000000001,16.390000000000001,15.5,15.800000000000001,401
ALTA,20141201,1.79,1.8200000000000001,1.7,1.8200000000000001,1684
ALTUSTFI,20141201,9.3499999999999996,9.3499999999999996,9.1300000000000008,9.1999999999999993,43939
ALUMETAL,20141201,42.229999999999997,42.229999999999997,41.18,41.200000000000003,2583
AMBRA,20141201,8.5500000000000007,8.5500000000000007,8.4600000000000009,8.4600000000000009,273
AMICA,20141201,112.5,112.90000000000001,110.5,112.40000000000001,1188
AMREST,20141201,101.2,101.2,101.2,101.2,3
APATOR,20141201,37.5,37.5,36.75,36.850000000000001,1185
APLISENS,20141201,12.35,12.75,12.35,12.59,752
ARCTIC,20141201,4.2300000000000004,4.2300000000000004,4.1100000000000003,4.21,58918
ARCUS,20141201,1.78,1.78,1.6899999999999999,1.74,1006
ARKASWE17,20141201,78,78,78,78,100
ARTERIA,20141201,16.300000000000001,16.300000000000001,16.289999999999999,16.289999999999999,63
ASBIS,20141201,1.7,1.7,1.5800000000000001,1.5800000000000001,52136
ASSECOBS,20141201,12.75,12.75,12.02,12.6,1425
ASSECOPOL,20141201,54,54,53.439999999999998,53.799999999999997,284679
ASSECOSEE,20141201,7.6299999999999999,7.6299999999999999,7.6200000000000001,7.6200000000000001,179
ASSECOSLO,20141201,15.4,15.699999999999999,15.4,15.699999999999999,100
ASTARTA,20141201,19.800000000000001,22.489999999999998,19.800000000000001,20.289999999999999,35895
ATENDE,20141201,2.4300000000000002,2.54,2.4300000000000002,2.46,13170
ATLANTAPL,20141201,7.4900000000000002,7.4900000000000002,7.2800000000000002,7.4000000000000004,639
ATLANTIS,20141201,1.03,1.03,1,1.02,44967
ATLASEST,20141201,1.01,1.02,1.01,1.02,100
ATM,20141201,11.58,11.58,11.359999999999999,11.5,3047
ATMGRUPA,20141201,3.2000000000000002,3.21,3.04,3.21,8273
ATREM,20141201,4.1200000000000001,4.1900000000000004,4.0999999999999996,4.1900000000000004,971
AVIAAML,20141201,8.4900000000000002,8.4900000000000002,8.3699999999999992,8.3699999999999992,1006
BALTONA,20141201,6.71,6.9500000000000002,6.6900000000000004,6.6900000000000004,4681
BANKBPH,20141201,46.5,46.5,44.549999999999997,44.75,2787
BBIDEV,20141201,1.1599999999999999,1.22,1.1399999999999999,1.1399999999999999,112154
BENEFIT,20141201,305.85000000000002,305.85000000000002,292,292.69999999999999,147
BETACOM,20141201,12.279999999999999,12.279999999999999,12.279999999999999,12.279999999999999,1
BGZ,20141201,66.900000000000006,67.810000000000002,66.019999999999996,66.140000000000001,446
BIOTON,20141201,4.0700000000000003,4.0999999999999996,4.0300000000000002,4.0999999999999996,43663
BIPROMET,20141201,3.5299999999999998,3.5299999999999998,3.3999999999999999,3.52,2407
BLACKLION,20141201,1.1499999999999999,1.1499999999999999,1.1299999999999999,1.1499999999999999,4214
BMPAG,20141201,3,3,3,3,20
BNPPL,20141201,61.520000000000003,62.740000000000002,61.5,62.740000000000002,764
BOGDANKA,20141201,108,109.2,107.09999999999999,108.2,33469
BORYSZEW,20141201,6.3099999999999996,6.3300000000000001,6.2199999999999998,6.2999999999999998,71207
BOS,20141201,38.299999999999997,38.299999999999997,36.689999999999998,36.689999999999998,3369
BOWIM,20141201,1.7,1.78,1.6200000000000001,1.6200000000000001,6762
BPHFIZSN2,20141201,84.890000000000001,91,84.890000000000001,90.989999999999995,633
BRIJU,20141201,12.07,12.07,11,11.92,2935
BSCDRUK,20141201,26.390000000000001,26.390000000000001,25.329999999999998,26.199999999999999,454
BUDIMEX,20141201,132.59999999999999,133.09999999999999,131,133,3035
BUMECH,20141201,1.8999999999999999,1.95,1.8300000000000001,1.9099999999999999,12513
BYTOM,20141201,1.24,1.25,1.23,1.24,75783
BZWBK,20141201,387,391.5,384.19999999999999,387.30000000000001,53569
CALATRAVA,20141201,1.1799999999999999,1.21,1.1699999999999999,1.2,6972
CAMMEDIA,20141201,3.75,4,3.75,3.7999999999999998,10321
CAPITAL,20141201,2.1600000000000001,2.2599999999999998,2.1600000000000001,2.2400000000000002,65506
CCC,20141201,146,148.15000000000001,145.25,148.09999999999999,102843
CDPROJEKT,20141201,17.530000000000001,17.699999999999999,17.41,17.420000000000002,35627
CDRL-PDA,20141201,19,19,19,19,500
CELTIC,20141201,6.0800000000000001,6.0800000000000001,5.75,6.0800000000000001,119
CEZ,20141201,93.099999999999994,93.75,92.75,93.540000000000006,2690
CHEMOS,20141201,1.1699999999999999,1.1899999999999999,1.1699999999999999,1.1899999999999999,777
CIECH,20141201,44.710000000000001,44.75,44.119999999999997,44.149999999999999,11144
CIGAMES,20141201,9.0500000000000007,9.1500000000000004,8.9000000000000004,8.9299999999999997,35174
CNT,20141201,7.2999999999999998,7.4699999999999998,7.2999999999999998,7.4400000000000004,1851
COALENERG,20141201,0.66000000000000003,0.66000000000000003,0.59999999999999998,0.65000000000000002,35332
COGNOR,20141201,1.4099999999999999,1.4099999999999999,1.3600000000000001,1.3799999999999999,39653
COLIAN,20141201,3.2799999999999998,3.2799999999999998,3.1499999999999999,3.1499999999999999,33061
COMARCH,20141201,115,115.5,113.05,114.90000000000001,159
COMP,20141201,57.280000000000001,58.990000000000002,57.280000000000001,57.409999999999997,119
COMPERIA,20141201,21.489999999999998,21.75,21.199999999999999,21.739999999999998,4355
CORMAY,20141201,3.75,3.7599999999999998,3.6200000000000001,3.6899999999999999,19718
CPGROUP,20141201,4.0999999999999996,4.3099999999999996,4.0999999999999996,4.2400000000000002,118
CYFRPLSAT,20141201,24.649999999999999,24.649999999999999,24.170000000000002,24.170000000000002,1070323
CZTOREBKA,20141201,3.1400000000000001,3.7000000000000002,2.5,2.5,1066105
DEBICA,20141201,95.510000000000005,95.510000000000005,95,95.480000000000004,277
DECORA,20141201,6.75,6.75,6.4000000000000004,6.5499999999999998,103995
DGA,20141201,5.8700000000000001,5.8700000000000001,5.8700000000000001,5.8700000000000001,39
DMWDM,20141201,0.77000000000000002,0.81999999999999995,0.77000000000000002,0.81999999999999995,1968
DOMDEV,20141201,45.490000000000002,47.490000000000002,44.140000000000001,44.140000000000001,234
DRAGOWSKI,20141201,2.8700000000000001,2.8700000000000001,2.8500000000000001,2.8500000000000001,3910
DROP,20141201,2.2200000000000002,2.2200000000000002,2.0499999999999998,2.0600000000000001,4800
DROZAPOL,20141201,3.0699999999999998,3.3500000000000001,3.0699999999999998,3.3399999999999999,8605
DSS,20141201,0.56999999999999995,0.56999999999999995,0.46000000000000002,0.46000000000000002,996387
DTP,20141201,4.8200000000000003,4.8200000000000003,4.7000000000000002,4.7300000000000004,35
DUDA,20141201,6.9800000000000004,7.0099999999999998,6.9800000000000004,7,24567
DUON,20141201,1.96,2.0299999999999998,1.9199999999999999,1.99,351359
ECARD,20141201,1.8300000000000001,1.8300000000000001,1.77,1.8300000000000001,47
ECHO,20141201,6.7400000000000002,6.7400000000000002,6.4900000000000002,6.7000000000000002,20300
EDINVEST,20141201,2.5699999999999998,2.5699999999999998,2.5699999999999998,2.5699999999999998,1
EFEKT,20141201,12.199999999999999,12.44,12.199999999999999,12.35,181
EKANCELAR,20141201,0.77000000000000002,0.81000000000000005,0.73999999999999999,0.78000000000000003,131818
EKOEXPORT,20141201,28.100000000000001,28.609999999999999,28,28.09,10285
ELBUDOWA,20141201,78.040000000000006,78.040000000000006,78.019999999999996,78.019999999999996,136
ELEKTROTI,20141201,9.6999999999999993,9.6999999999999993,9.4900000000000002,9.4900000000000002,682
ELEMENTAL,20141201,3.2000000000000002,3.2000000000000002,3.1000000000000001,3.1499999999999999,31432
ELKOP,20141201,1.55,1.6299999999999999,1.54,1.6200000000000001,3207
ELZAB,20141201,16.850000000000001,16.890000000000001,16.329999999999998,16.699999999999999,2974
EMCINSMED,20141201,16.690000000000001,16.800000000000001,15.960000000000001,15.960000000000001,1089
EMPERIA,20141201,48.490000000000002,49.479999999999997,47.950000000000003,49.479999999999997,25168
ENAP,20141201,1.1499999999999999,1.1499999999999999,1.0800000000000001,1.0900000000000001,25005
ENEA,20141201,17.969999999999999,17.989999999999998,17.800000000000001,17.899999999999999,696366
ENELMED,20141201,11.85,11.970000000000001,11.699999999999999,11.970000000000001,4379
ENERGA,20141201,23.219999999999999,23.48,22.91,23.210000000000001,577281
ENERGOINS,20141201,11.74,11.74,11.220000000000001,11.74,20
ERBUD,20141201,25.899999999999999,25.899999999999999,25.100000000000001,25.100000000000001,696
ERG,20141201,15.69,15.69,15.69,15.69,1
ERGIS,20141201,3.75,3.8500000000000001,3.75,3.7999999999999998,7259
ESSYSTEM,20141201,2.4399999999999999,2.4399999999999999,2.4399999999999999,2.4399999999999999,600
ETFDAX,20141201,402.52999999999997,402.52999999999997,400.99000000000001,402.44,61
ETFSP500,20141201,72.989999999999995,72.989999999999995,70.549999999999997,70.549999999999997,374
ETFW20L,20141201,275,275,270.91000000000003,271.41000000000003,145
EUCO,20141201,26.010000000000002,26.890000000000001,26.010000000000002,26.890000000000001,21923
EUROCASH,20141201,36.780000000000001,37.5,36.020000000000003,37.060000000000002,263160
EUROTEL,20141201,13.65,13.869999999999999,13.34,13.449999999999999,4439
FAMUR,20141201,3.3500000000000001,3.3900000000000001,3.2799999999999998,3.29,40042
FASING,20141201,18.199999999999999,18.600000000000001,18.18,18.530000000000001,1355
FEERUM,20141201,16,16,15.869999999999999,16,55
FENGHUA,20141201,26.949999999999999,26.949999999999999,25.399999999999999,26.449999999999999,118
FERRO,20141201,9.8499999999999996,9.8499999999999996,9.8300000000000001,9.8300000000000001,2661
FERRUM,20141201,4.7999999999999998,4.7999999999999998,4.5999999999999996,4.7800000000000002,2206
FON,20141201,0.98999999999999999,1,0.97999999999999998,1,3656
FORTE,20141201,48.310000000000002,48.789999999999999,48.310000000000002,48.5,11334
FORTUNA,20141201,18.399999999999999,18.75,18.399999999999999,18.75,5463
FOTA,20141201,0.81999999999999995,0.84999999999999998,0.76000000000000001,0.82999999999999996,249268
GETIN,20141201,2.3799999999999999,2.3900000000000001,2.3500000000000001,2.3599999999999999,68011
GETINOBLE,20141201,2.23,2.23,2.1699999999999999,2.2000000000000002,338139
GINOROSSI,20141201,2.8500000000000001,2.9500000000000002,2.8500000000000001,2.9500000000000002,9648
GLCOSMED,20141201,5.9000000000000004,6.4900000000000002,5.9000000000000004,6.3899999999999997,28098
GLOBCITYHD,20141201,38.049999999999997,39.100000000000001,38,39.100000000000001,14510
GORENJE,20141201,26.010000000000002,27,26.010000000000002,27,284
GPW,20141201,48,48,47.030000000000001,47.600000000000001,20241
GRAAL,20141201,19.109999999999999,19.219999999999999,18.699999999999999,18.699999999999999,2805
GRAJEWO,20141201,30.199999999999999,30.969999999999999,30.18,30.969999999999999,3672
GROCLIN,20141201,10.25,10.300000000000001,10.15,10.15,18333
GRUPAAZOTY,20141201,62.5,64.5,62.229999999999997,64.5,30269
GTC,20141201,6.1399999999999997,6.1399999999999997,6,6.0700000000000003,56227
HANDLOWY,20141201,107.09999999999999,107.2,105.65000000000001,106.25,39720
HARPER,20141201,3.3900000000000001,3.3900000000000001,3.3900000000000001,3.3900000000000001,11
HAWE,20141201,2.3799999999999999,2.3799999999999999,2.3399999999999999,2.3599999999999999,344693
HELIO,20141201,5.0999999999999996,5.2999999999999998,5.0999999999999996,5.2999999999999998,2752
HERKULES,20141201,2.9399999999999999,2.9500000000000002,2.8100000000000001,2.9500000000000002,456414
HUTMEN,20141201,4.9199999999999999,4.9800000000000004,4.9100000000000001,4.9800000000000004,8869
HYDROTOR,20141201,32.310000000000002,33.5,32.310000000000002,33,327
HYPERION,20141201,2.4399999999999999,2.4399999999999999,2.2999999999999998,2.3999999999999999,16900
IFCAPITAL,20141201,1.1499999999999999,1.2,1.1499999999999999,1.2,5520
IMCOMPANY,20141201,6.46,6.7000000000000002,6.46,6.7000000000000002,1440
IMMOBILE,20141201,2.1699999999999999,2.2999999999999998,2.1699999999999999,2.2999999999999998,5652
IMPEL,20141201,30,30,29.600000000000001,29.899999999999999,79
IMPERA,20141201,1.76,1.76,1.76,1.76,109
IMPEXMET,20141201,2.71,2.7200000000000002,2.7000000000000002,2.71,57111
IMS,20141201,2.2799999999999998,2.29,2.1400000000000001,2.2000000000000002,12935
INC,20141201,1.95,1.95,1.8500000000000001,1.8999999999999999,1058
INDYGO,20141201,0.83999999999999997,0.85999999999999999,0.79000000000000004,0.81000000000000005,211659
INDYKPOL,20141201,48.100000000000001,48.780000000000001,48,48,1081
INGBSK,20141201,144.5,145.80000000000001,144.30000000000001,145,12086
INPRO,20141201,3.3100000000000001,3.5,3.3100000000000001,3.5,1127
INSTALKRK,20141201,16.609999999999999,16.699999999999999,16.550000000000001,16.699999999999999,10100
INTEGERPL,20141201,189.90000000000001,189.90000000000001,182.59999999999999,183.75,3447
INTERAOLT,20141201,21.800000000000001,21.809999999999999,21.780000000000001,21.780000000000001,895
INTERBUD,20141201,1.1100000000000001,1.1100000000000001,1.04,1.04,2299
INTERCARS,20141201,214,214,209.94999999999999,214,910
INTERSPPL,20141201,1.1000000000000001,1.1000000000000001,1.05,1.0700000000000001,2530
INTROL,20141201,9.0899999999999999,9.0899999999999999,9.0899999999999999,9.0899999999999999,155
INVISTA,20141201,2.2400000000000002,2.2400000000000002,2.23,2.23,13500
IPOPEMA,20141201,4.54,4.6500000000000004,4.46,4.46,183104
IQP,20141201,0.93999999999999995,0.93999999999999995,0.91000000000000003,0.91000000000000003,746
IVMX,20141201,3.5600000000000001,3.5600000000000001,3.5600000000000001,3.5600000000000001,1
IZOLACJA,20141201,1.8,1.8,1.7,1.7,2
IZOSTAL,20141201,5.4000000000000004,5.54,5.4000000000000004,5.54,412
JSW,20141201,20.899999999999999,20.899999999999999,19.100000000000001,20.199999999999999,785901
JWCONSTR,20141201,2.4399999999999999,2.4900000000000002,2.3199999999999998,2.3399999999999999,114816
K2INTERNT,20141201,11.41,11.44,11.15,11.15,854
KANIA,20141201,2.4900000000000002,2.4900000000000002,2.3900000000000001,2.3999999999999999,68570
KBDOM,20141201,2.3999999999999999,2.5,2.29,2.3999999999999999,11031
KERDOS,20141201,1.6299999999999999,1.6399999999999999,1.5800000000000001,1.5800000000000001,205341
KERNEL,20141201,29.16,31.170000000000002,29.149999999999999,31.02,371054
KETY,20141201,294,294,288,292,1640
KGHM,20141201,121.95,121.95,118.2,118.8,2002018
KINOPOL,20141201,12.199999999999999,12.43,12.199999999999999,12.300000000000001,905
KOFOLA,20141201,41.5,41.5,38.890000000000001,40,16
KOGENERA,20141201,59.75,59.75,59.75,59.75,10
KOMPUTRON,20141201,6.8200000000000003,6.9000000000000004,6.6399999999999997,6.7000000000000002,40927
KONSSTALI,20141201,19.899999999999999,19.899999999999999,18,19.850000000000001,166
KOPEX,20141201,10.800000000000001,10.81,10.550000000000001,10.550000000000001,136398
KRAKCHEM,20141201,4.0999999999999996,4.2400000000000002,4.0999999999999996,4.1799999999999997,2806
KREC,20141201,8.5999999999999996,8.5999999999999996,8.2300000000000004,8.25,1671
KREDYTIN,20141201,18.059999999999999,18.420000000000002,18.059999999999999,18.359999999999999,4227
KREZUS,20141201,4.8300000000000001,4.8300000000000001,4.6500000000000004,4.7800000000000002,6338
KRUK,20141201,116.40000000000001,117,116.3,116.3,1362
KRUSZWICA,20141201,59.299999999999997,59.299999999999997,57.509999999999998,59,1201
KSGAGRO,20141201,1.1799999999999999,1.1899999999999999,1.1599999999999999,1.1799999999999999,37522
LCCORP,20141201,1.6499999999999999,1.6499999999999999,1.5700000000000001,1.5700000000000001,106947
LENA,20141201,4.1799999999999997,4.2999999999999998,4.1799999999999997,4.2999999999999998,32218
LENTEX,20141201,8.4499999999999993,8.4499999999999993,8.3499999999999996,8.4000000000000004,19723
LIBET,20141201,2.73,2.73,2.6600000000000001,2.6600000000000001,458
LIVECHAT,20141201,25.010000000000002,27.739999999999998,25,27.739999999999998,188478
LMCSFIZ,20141201,1250,1250,1250,1250,50
LMDSFIZ,20141201,1169.9000000000001,1169.9000000000001,1169.9000000000001,1169.9000000000001,1
LOTOS,20141201,26.789999999999999,26.789999999999999,26.329999999999998,26.739999999999998,236514
LPP,20141201,8840,9069.9500000000007,8840,8999.9500000000007,2896
LSISOFT,20141201,6,6.2000000000000002,6,6,1365
LUBAWA,20141201,1.1200000000000001,1.1299999999999999,1.1000000000000001,1.1200000000000001,99108
MABION,20141201,39.200000000000003,39.210000000000001,38.200000000000003,38.200000000000003,1517
MAGELLAN,20141201,68.099999999999994,68.099999999999994,66.120000000000005,66.120000000000005,3338
MAKARONPL,20141201,5.9800000000000004,5.9800000000000004,5.5199999999999996,5.7199999999999998,13185
MARVIPOL,20141201,6.8499999999999996,6.9000000000000004,6.3499999999999996,6.75,24923
MBANK,20141201,503.64999999999998,507.94999999999999,499.05000000000001,503.89999999999998,26476
MCI,20141201,10.210000000000001,10.25,10.15,10.23,25235
MCLOGIC,20141201,40.100000000000001,40.100000000000001,40.100000000000001,40.100000000000001,15
MEDIATEL,20141201,0.70999999999999996,0.70999999999999996,0.70999999999999996,0.70999999999999996,1
MEDICALG,20141201,206,207.30000000000001,204,207.30000000000001,1289
MENNICA,20141201,13.65,13.65,13.5,13.5,859
MERCATOR,20141201,11.51,11.68,11.5,11.550000000000001,2968
MERCOR,20141201,6.5,6.8499999999999996,6.5,6.8499999999999996,24921
MEXPOLSKA,20141201,1.8500000000000001,1.8500000000000001,1.79,1.79,1380
MFO,20141201,10.619999999999999,10.619999999999999,10.619999999999999,10.619999999999999,1
MIDAS,20141201,0.62,0.62,0.59999999999999998,0.62,533702
MILKILAND,20141201,2.04,2.04,1.95,1.96,8474
MILLENNIUM,20141201,7.71,7.7199999999999998,7.5099999999999998,7.5499999999999998,294188
MIRACULUM,20141201,1.8,1.9099999999999999,1.52,1.5600000000000001,36752
MIRBUD,20141201,1.52,1.54,1.49,1.5,34156
MNI,20141201,1.21,1.23,1.1899999999999999,1.21,101957
MOBRUK,20141201,12,12.85,12,12.85,1719
MOJ,20141201,1.5,1.5,1.3600000000000001,1.3600000000000001,390
MOL,20141201,157.5,162.09999999999999,157.5,162,9537
MONNARI,20141201,10.08,10.08,9.8200000000000003,9.8200000000000003,10704
MOSTALPLC,20141201,12.119999999999999,12.119999999999999,11.210000000000001,11.6,3369
MOSTALWAR,20141201,6.6299999999999999,6.6299999999999999,6.2800000000000002,6.2800000000000002,22839
MOSTALZAB,20141201,2.3999999999999999,2.4100000000000001,2.3599999999999999,2.3799999999999999,85396
MSXRESOUR,20141201,1.4199999999999999,1.4399999999999999,1.3600000000000001,1.3799999999999999,47471
MUZA,20141201,2.9199999999999999,3.0499999999999998,2.9199999999999999,3.0499999999999998,130
MWTRADE,20141201,17.73,17.73,17.699999999999999,17.699999999999999,324
NETIA,20141201,5.6500000000000004,5.7300000000000004,5.6299999999999999,5.6299999999999999,411275
NETMEDIA,20141201,3.98,3.98,3.77,3.9399999999999999,1339
NEUCA,20141201,220,221.40000000000001,219.5,219.80000000000001,561
NEWAG,20141201,23.039999999999999,23.039999999999999,22.859999999999999,22.899999999999999,5345
NFIEMF,20141201,7.21,7.21,7.1500000000000004,7.1500000000000004,210
NOKAUT,20141201,1.3,1.3,1.24,1.25,4104
NORTCOAST,20141201,3.96,4.3399999999999999,3.9500000000000002,4.25,80528
NOVITA,20141201,53.350000000000001,53.350000000000001,53.350000000000001,53.350000000000001,10
NOWAGALA,20141201,1.26,1.26,1.24,1.24,5568
NTTSYSTEM,20141201,2.2999999999999998,2.2999999999999998,2.2999999999999998,2.2999999999999998,14
ODLEWNIE,20141201,2.1200000000000001,2.1400000000000001,2.1200000000000001,2.1400000000000001,2000
OPENFIN,20141201,3.77,3.77,3.7000000000000002,3.7000000000000002,20712
OPONEO.PL,20141201,10.859999999999999,10.859999999999999,10.5,10.85,1756
ORANGEPL,20141201,9.4199999999999999,9.5999999999999996,9.4199999999999999,9.5,2005255
ORBIS,20141201,40.700000000000003,40.700000000000003,40.329999999999998,40.329999999999998,25032
ORCOGROUP,20141201,2.0299999999999998,2.0299999999999998,1.9399999999999999,1.9399999999999999,20476
ORZBIALY,20141201,6.4000000000000004,6.6600000000000001,6.21,6.54,4363
OTLOG,20141201,227.5,231,227.5,231,130
OTMUCHOW,20141201,8.5999999999999996,8.6899999999999995,8.5199999999999996,8.5199999999999996,375
PAGED,20141201,43.460000000000001,43.460000000000001,42.460000000000001,42.460000000000001,3013
PANOVA,20141201,15.56,15.56,15.56,15.56,1
PATENTUS,20141201,1.27,1.27,1.26,1.26,1040
PBG,20141201,1.76,1.76,1.6499999999999999,1.6899999999999999,55840
PBSFINANSE,20141201,3.75,3.8999999999999999,3.75,3.8999999999999999,210
PCCEXOL,20141201,3.3300000000000001,3.3300000000000001,3.3300000000000001,3.3300000000000001,18
PCCINTER,20141201,1.4399999999999999,1.4399999999999999,1.3999999999999999,1.3999999999999999,1035
PCCROKITA,20141201,34.100000000000001,34.100000000000001,33.740000000000002,34.100000000000001,37
PCGUARD,20141201,0.41999999999999998,0.42999999999999999,0.39000000000000001,0.40000000000000002,256494
PCM,20141201,53.899999999999999,53.899999999999999,53.799999999999997,53.799999999999997,46
PEIXIN,20141201,8.25,8.25,8.0099999999999998,8.0999999999999996,7059
PEKAES,20141201,9.9000000000000004,9.9000000000000004,9.5600000000000005,9.5600000000000005,3963
PEKAO,20141201,185.69999999999999,185.69999999999999,181.5,185.09999999999999,422921
PELION,20141201,77.409999999999997,77.409999999999997,74.560000000000002,74.560000000000002,726
PEP,20141201,29,29,28.199999999999999,28.989999999999998,1336
PEPEES,20141201,0.52000000000000002,0.54000000000000004,0.52000000000000002,0.54000000000000004,141
PGE,20141201,19.390000000000001,20.079999999999998,19.390000000000001,19.989999999999998,1757072
PGNIG,20141201,4.8499999999999996,4.8499999999999996,4.7199999999999998,4.7999999999999998,5781952
PGODLEW,20141201,5.5499999999999998,5.5499999999999998,5.4000000000000004,5.5499999999999998,1008
PHN,20141201,24.800000000000001,25.050000000000001,24.27,24.5,38326
PKNORLEN,20141201,45,45.960000000000001,44.990000000000002,45.600000000000001,542378
PKOBP,20141201,37.299999999999997,37.649999999999999,37.219999999999999,37.649999999999999,2065349
PKOGS,20141201,99.269999999999996,99.269999999999996,99.269999999999996,99.269999999999996,620
PKOSO,20141201,100.40000000000001,100.40000000000001,100.40000000000001,100.40000000000001,100
PKPCARGO,20141201,77.599999999999994,78,76.799999999999997,77.510000000000005,80531
PLASTBOX,20141201,2.5499999999999998,2.5800000000000001,2.5,2.5800000000000001,1219
POLICE,20141201,19.800000000000001,19.800000000000001,19.41,19.41,2161
POLMED,20141201,2.1499999999999999,2.1499999999999999,2.1000000000000001,2.1000000000000001,6411
POLNA,20141201,25.550000000000001,25.550000000000001,25.550000000000001,25.550000000000001,1147
POLNORD,20141201,6.9199999999999999,7,6.8499999999999996,6.9199999999999999,16251
POLWAX,20141201,16.800000000000001,16.800000000000001,16.399999999999999,16.640000000000001,5716
POZBUD,20141201,4.4199999999999999,4.4199999999999999,4.3200000000000003,4.3200000000000003,355
PPG,20141201,2.04,2.0499999999999998,1.8600000000000001,2.04,305
PRAGMAFA,20141201,13.380000000000001,13.41,13.380000000000001,13.4,305
PRAGMAINK,20141201,16.300000000000001,16.300000000000001,15.699999999999999,16,759
PRESCO,20141201,4.0300000000000002,4.0300000000000002,3.8500000000000001,4.0300000000000002,1153
PRIMAMODA,20141201,1.0600000000000001,1.1200000000000001,1.0600000000000001,1.1200000000000001,1680
PROCAD,20141201,1.0600000000000001,1.1000000000000001,1.0600000000000001,1.1000000000000001,6985
PROCHEM,20141201,17.649999999999999,18.010000000000002,17.649999999999999,17.77,905
PROCHNIK,20141201,1,1.03,0.95999999999999996,0.98999999999999999,17577
PROJPRZEM,20141201,5.96,6,5.5999999999999996,5.8200000000000003,12743
PROTEKTOR,20141201,2.6800000000000002,2.6800000000000002,2.6000000000000001,2.6699999999999999,10353
PROVIDENT,20141201,24.859999999999999,24.98,24.420000000000002,24.98,53
PTI,20141201,14.699999999999999,14.800000000000001,14.699999999999999,14.800000000000001,2087
PULAWY,20141201,141,141,140,141,40
PZU,20141201,477.19999999999999,479.69999999999999,475,475.55000000000001,87040
QUANTUM,20141201,4.3499999999999996,4.3499999999999996,4.2999999999999998,4.3499999999999996,650
QUERCUS,20141201,5.79,5.7999999999999998,5.7199999999999998,5.7699999999999996,9502
QUMAK,20141201,12.890000000000001,12.9,12.619999999999999,12.9,1717
RADPOL,20141201,8.5,8.5399999999999991,8.4499999999999993,8.5399999999999991,4178
RAFAKO,20141201,5.8399999999999999,5.8399999999999999,5.6100000000000003,5.6100000000000003,41031
RAFAMET,20141201,16.469999999999999,16.469999999999999,16.469999999999999,16.469999999999999,16
RAINBOW,20141201,17.649999999999999,17.649999999999999,17.399999999999999,17.489999999999998,9172
RANKPROGR,20141201,3,3.0099999999999998,2.98,2.98,8724
RAWLPLUG,20141201,7,7.0800000000000001,6.9900000000000002,7.0499999999999998,10354
RCAGRB10918,20141201,999.35000000000002,999.35000000000002,999.35000000000002,999.35000000000002,15
RCCRUAOPEN,20141201,13.220000000000001,13.6,13.220000000000001,13.6,4915
RCDAXAOPEN,20141201,415.25,415.44999999999999,415.02999999999997,415.02999999999997,155
RCGBSH11016,20141201,887.30999999999995,887.30999999999995,887.30999999999995,887.30999999999995,25
RCGBSH11116,20141201,1032.9200000000001,1032.9200000000001,1032.9200000000001,1032.9200000000001,1
RCGLDAOPEN,20141201,389.14999999999998,400.06,389.14999999999998,400.06,39
RCGSDG10219,20141201,1038.75,1038.75,1038.75,1038.75,2
RCLLCOOPEN,20141201,23.399999999999999,23.399999999999999,23.399999999999999,23.399999999999999,30
RCLNAGOPEN,20141201,9.8699999999999992,9.8699999999999992,9.8699999999999992,9.8699999999999992,10000
RCNAGAOPEN,20141201,30.34,30.34,30.34,30.34,20
RCNMBAOPEN,20141201,92.120000000000005,92.120000000000005,92.120000000000005,92.120000000000005,10
RCPGN10315,20141201,1064.4300000000001,1064.4300000000001,1064.4300000000001,1064.4300000000001,50
RCPGN10415,20141201,929.59000000000003,929.59000000000003,929.59000000000003,929.59000000000003,100
RCRTXAOPEN,20141201,66.010000000000005,66.010000000000005,66.010000000000005,66.010000000000005,500
RCSCEAOPEN,20141201,70.689999999999998,70.689999999999998,70.260000000000005,70.260000000000005,46
RCSCRAOPEN,20141201,231.59999999999999,232.05000000000001,220,220,648
RCSDAXOPEN,20141201,144.13,144.13,142.62,142.62,412
RCSILAOPEN,20141201,51.049999999999997,54.350000000000001,51.049999999999997,54.350000000000001,2648
RCTVBAOPEN,20141201,50.479999999999997,50.479999999999997,50.479999999999997,50.479999999999997,80
REDAN,20141201,2.21,2.2200000000000002,2.1499999999999999,2.21,3560
REDWOOD,20141201,0.68999999999999995,0.68999999999999995,0.66000000000000003,0.67000000000000004,3506
REINHOLD,20141201,0.73999999999999999,0.77000000000000002,0.73999999999999999,0.77000000000000002,1470
RELPOL,20141201,6.6799999999999997,6.6799999999999997,6.5800000000000001,6.6799999999999997,1385
REMAK,20141201,10.9,11.6,10.9,11.6,657
RESBUD,20141201,2.5899999999999999,2.6000000000000001,2.5099999999999998,2.6000000000000001,4298
ROBYG,20141201,2.2000000000000002,2.21,2.1699999999999999,2.1800000000000002,28036
ROPCZYCE,20141201,16.850000000000001,16.98,16.850000000000001,16.98,33
ROVESE,20141201,1.4099999999999999,1.4099999999999999,1.4099999999999999,1.4099999999999999,184555
RUBICON,20141201,1.8700000000000001,1.97,1.8700000000000001,1.97,1414
SANOK,20141201,47.280000000000001,47.700000000000003,46.969999999999999,46.969999999999999,6056
SCOPAK,20141201,0.29999999999999999,0.29999999999999999,0.25,0.26000000000000001,107720
SECOGROUP,20141201,22.300000000000001,22.300000000000001,21.5,22.149999999999999,615
SEKO,20141201,6.9000000000000004,6.9400000000000004,6.9000000000000004,6.9400000000000004,95
SELENAFM,20141201,15.33,15.33,14.1,14.66,25289
SERINUS,20141201,5.5999999999999996,5.5999999999999996,5.0599999999999996,5.2999999999999998,130212
SFINKS,20141201,1.3,1.3500000000000001,1.3,1.3500000000000001,133405
SILVANO,20141201,7.1200000000000001,7.1200000000000001,7,7,315
SIMPLE,20141201,8.6999999999999993,8.6999999999999993,8.6999999999999993,8.6999999999999993,25
SKARBIEC,20141201,32.700000000000003,33,32.700000000000003,33,771
SKOK,20141201,1.95,1.95,1.8300000000000001,1.9199999999999999,1909
SKOTAN,20141201,1.26,1.28,1.22,1.23,44204
SKYLINE,20141201,0.60999999999999999,0.60999999999999999,0.55000000000000004,0.58999999999999997,13299
SMT,20141201,16.190000000000001,16.190000000000001,15.91,16,402
SNIEZKA,20141201,39.990000000000002,39.990000000000002,38.799999999999997,39.100000000000001,413
SOBIESKI,20141201,50.810000000000002,50.82,50.640000000000001,50.649999999999999,538
SOLAR,20141201,1.9299999999999999,1.9399999999999999,1.8,1.8899999999999999,9332
SONEL,20141201,8.1199999999999992,8.1199999999999992,8.0999999999999996,8.0999999999999996,69
SRNFIZ,20141201,640,680.86000000000001,640,680.86000000000001,8
STALEXP,20141201,2.73,2.73,2.6899999999999999,2.7000000000000002,184768
STALPROD,20141201,363,363,354,363,1459
SUWARY,20141201,11.699999999999999,12.789999999999999,11.699999999999999,12.699999999999999,8730
SYGNITY,20141201,16.420000000000002,16.899999999999999,16.420000000000002,16.5,2137
SYNEKTIK,20141201,22.649999999999999,22.649999999999999,22.100000000000001,22.649999999999999,405
SYNTHOS,20141201,4.1399999999999997,4.1600000000000001,4.1100000000000003,4.1200000000000001,573210
TALEX,20141201,18.449999999999999,18.710000000000001,18.449999999999999,18.600000000000001,943
TARCZYNSKI,20141201,11.65,11.779999999999999,11,11.01,27133
TAURONPE,20141201,5.1399999999999997,5.3399999999999999,5.1399999999999997,5.2699999999999996,2827621
TELEPOLSKA,20141201,1.24,1.24,1.1799999999999999,1.1799999999999999,334
TELL,20141201,12.44,12.44,12.300000000000001,12.300000000000001,1588
TERESA,20141201,15.33,15.33,14.91,15.300000000000001,102
TERMOREX,20141201,7.4500000000000002,7.4500000000000002,7.29,7.4500000000000002,2042
TESGAS,20141201,4,4,3.9500000000000002,3.9500000000000002,2833
TFONE,20141201,5.2400000000000002,5.3499999999999996,5.2400000000000002,5.3300000000000001,1296
TIM,20141201,5.71,5.7300000000000004,5.6299999999999999,5.7000000000000002,19659
TORPOL,20141201,9.9499999999999993,9.9499999999999993,9.6199999999999992,9.8000000000000007,12595
TOYA,20141201,4.6299999999999999,4.6299999999999999,4.6299999999999999,4.6299999999999999,15
TRANSPOL,20141201,4.5,4.9400000000000004,4.5,4.9400000000000004,302
TRIGONPP,20141201,106.95,106.95,106.95,106.95,20
TVN,20141201,15.83,15.92,15.75,15.81,84796
ULMA,20141201,68.989999999999995,68.989999999999995,68.989999999999995,68.989999999999995,1
UNIBEP,20141201,8.0399999999999991,8.0399999999999991,8.0399999999999991,8.0399999999999991,800
UNICREDIT,20141201,23.960000000000001,24.25,23.960000000000001,24.25,563
UNIMA,20141201,2.3100000000000001,2.3100000000000001,2.3100000000000001,2.3100000000000001,100
URSUS,20141201,2.0899999999999999,2.0899999999999999,2.04,2.04,50989
VANTAGE,20141201,2.7400000000000002,2.7400000000000002,2.5699999999999998,2.6800000000000002,26482
VARIANT,20141201,1.6599999999999999,1.6899999999999999,1.6599999999999999,1.6899999999999999,792
VIGOSYS,20141201,213.09999999999999,213.09999999999999,208,211.5,328
VINDEXUS,20141201,4.6299999999999999,4.6299999999999999,4.5,4.5,13196
VISTAL,20141201,11.609999999999999,11.619999999999999,11.4,11.52,14891
VISTULA,20141201,1.6799999999999999,1.6799999999999999,1.6499999999999999,1.6799999999999999,137779
VOTUM,20141201,7.9000000000000004,8,7.9000000000000004,8,341
VOXEL,20141201,9.4000000000000004,9.4499999999999993,9.3000000000000007,9.3000000000000007,3458
WADEX,20141201,4.5999999999999996,4.5999999999999996,4.5999999999999996,4.5999999999999996,5
WANDALEX,20141201,3.1000000000000001,3.1000000000000001,3,3.1000000000000001,1424
WARIMPEX,20141201,4.1900000000000004,4.2000000000000002,4.1900000000000004,4.2000000000000002,15
WASKO,20141201,1.73,1.73,1.6899999999999999,1.71,4127
WAWEL,20141201,999,999,995.95000000000005,996,43
WDMCP,20141201,5.8899999999999997,6.1500000000000004,5.8899999999999997,6.1500000000000004,536
WIELTON,20141201,4.9400000000000004,4.9400000000000004,4.6500000000000004,4.71,24688
WILBO,20141201,0.88,0.90000000000000002,0.85999999999999999,0.89000000000000001,7462
WINVEST,20141201,7.7400000000000002,7.7400000000000002,7.71,7.71,8
WOJAS,20141201,7.6299999999999999,7.8300000000000001,7.6299999999999999,7.8300000000000001,203
WORKSERV,20141201,17.719999999999999,17.719999999999999,17.52,17.52,3528
YAWAL,20141201,7.75,7.9800000000000004,7.75,7.9800000000000004,179
ZAMET,20141201,3.7000000000000002,3.8999999999999999,3.6499999999999999,3.6499999999999999,4240
ZASTAL,20141201,1.1699999999999999,1.21,1.1599999999999999,1.1899999999999999,117301
ZEPAK,20141201,28.300000000000001,28.93,27.809999999999999,28.800000000000001,12100
ZETKAMA,20141201,66.890000000000001,66.890000000000001,64.120000000000005,66,267
ZPUE,20141201,320,325.55000000000001,311,312.5,95
ZREMB,20141201,1.48,1.48,1.4399999999999999,1.46,7799
ZUE,20141201,6.8300000000000001,6.8300000000000001,6.6600000000000001,6.6600000000000001,146
ZYWIEC,20141201,388.5,391,388.5,391,21
INVESTORMS,20141201,3383.04,3386.77,3383.04,3386.77,129253.413
MIS80,20141201,12219.51,12219.51,12165.950000000001,12165.950000000001,12297.621999999999
MWIG40,20141201,3560.6599999999999,3563.8600000000001,3541.5900000000001,3549.3899999999999,103344.28200000001
NCINDEX30,20141201,1076.54,1090.0899999999999,1068.03,1081.1099999999999,4464.1369999999997
RESPECT,20141201,2738.8299999999999,2753.8800000000001,2736.5300000000002,2748.1900000000001,458171.73700000002
WIG,20141201,53050.260000000002,53216.400000000001,52962.860000000001,53155.309999999998,826447.054
WIG-BANKI,20141201,8178.3999999999996,8216.2099999999991,8178.3999999999996,8216.2099999999991,210558.109
WIG-BUDOW,20141201,2154.96,2160.1900000000001,2154.96,2160.1900000000001,2917.9690000000001
WIG-CEE,20141201,687.28999999999996,687.99000000000001,687.28999999999996,687.99000000000001,14139.606
WIG-CHEMIA,20141201,11475.780000000001,11551.34,11475.780000000001,11551.34,4962.7479999999996
WIG-DEWEL,20141201,1322.74,1322.74,1318.1300000000001,1318.1300000000001,2316.2750000000001
WIG-ENERG,20141201,4476.7700000000004,4534.4200000000001,4476.7700000000004,4521.9300000000003,76236.513000000006
WIG-INFO,20141201,1451.8099999999999,1452.1700000000001,1450.1300000000001,1452.1700000000001,21871.923999999999
WIG-MEDIA,20141201,3868.1799999999998,3893.27,3864.3000000000002,3864.3000000000002,28515.860000000001
WIG-PALIWA,20141201,3315.2600000000002,3339.1799999999998,3312.7399999999998,3339.1799999999998,61523.856
WIG-POLAND,20141201,54475.050000000003,54616.360000000001,54475.050000000003,54616.360000000001,810870.397
WIG-SPOZYW,20141201,2510.4000000000001,2544.77,2510.4000000000001,2534.5500000000002,13221.602999999999
WIG-SUROWC,20141201,3849.5300000000002,3851.6100000000001,3836.5,3836.5,257838.12400000001
WIG-TELKOM,20141201,1031.75,1031.75,1029.1600000000001,1029.1600000000001,22704.225999999999
WIG-UKRAIN,20141201,258.62,261.05000000000001,258.62,259.82999999999998,12158.882
WIG20,20141201,2404.3000000000002,2421.6599999999999,2402.7800000000002,2417.1100000000001,692587.75300000003
WIG20LEV,20141201,883.15999999999997,895.99000000000001,882.03999999999996,892.62,692587.75300000003
WIG20SHORT,20141201,3263.5300000000002,3265.5700000000002,3240.2199999999998,3246.3299999999999,692587.75300000003
WIG20TR,20141201,3825.6599999999999,3841.6999999999998,3825.6599999999999,3841.6999999999998,692587.75300000003
WIG250,20141201,1174.8800000000001,1177.0699999999999,1165.03,1165.6700000000001,21167.876
WIG30,20141201,2589.3600000000001,2605.4099999999999,2586.6199999999999,2601.1999999999998,769798.00199999998
WIG30LEV,20141201,1032.5899999999999,1045.45,1030.3900000000001,1042.0799999999999,769798.00199999998
WIG30SHORT,20141201,5033,5038.2700000000004,5002.1000000000004,5010.21,769798.00199999998
WIG30TR,20141201,4074.6199999999999,4091.1700000000001,4074.6199999999999,4091.1700000000001,769798.00199999998
WIG50,20141201,3120.6599999999999,3122.0700000000002,3097.3299999999999,3102.25,32604.939999999999
WIGDIV,20141201,1192.03,1193.53,1187.5,1190.0999999999999,476323.96999999997
